name,team,price,condition,position,GW
Onana,Manchester United,5.1,1.0,GK,13
Pickford,Everton,4.9,1.0,GK,13
Sels,Nottingham Forest,4.7,1.0,GK,13
Raya,Arsenal,5.5,1.0,GK,13
Sánchez,Chelsea,4.7,1.0,GK,13
Pope,Newcastle United,5.0,1.0,GK,13
Henderson,Crystal Palace,4.4,1.0,GK,13
Leno,Fulham,5.0,1.0,GK,13
Flekken,Brentford,4.5,1.0,GK,13
Vicario,Tottenham Hotspur,5.0,0.0,GK,13
A.Becker,Liverpool,5.4,0.5,GK,13
Martinez,Aston Villa,5.0,1.0,GK,13
Ederson M.,Manchester City,5.5,1.0,GK,13
Muric,Ipswich Town,4.4,1.0,GK,13
Verbruggen,Brighton & Hove Albion,4.5,1.0,GK,13
Hermansen,Leicester City,4.5,1.0,GK,13
Kelleher,Liverpool,4.5,1.0,GK,13
Ramsdale,Southampton,4.4,0.0,GK,13
Fabianski,West Ham United,4.1,1.0,GK,13
Arrizabalaga,Bournemouth,4.5,1.0,GK,13
Areola,West Ham United,4.3,1.0,GK,13
José Sá,Wolverhampton Wanderers,4.3,1.0,GK,13
Travers,Bournemouth,4.4,1.0,GK,13
Johnstone,Wolverhampton Wanderers,4.4,1.0,GK,13
Steele,Brighton & Hove Albion,4.3,1.0,GK,13
McCarthy,Southampton,4.3,1.0,GK,13
Neto,Arsenal,4.3,1.0,GK,13
Walton,Ipswich Town,4.4,1.0,GK,13
Jaros,Liverpool,4.0,1.0,GK,13
Setford,Arsenal,4.5,1.0,GK,13
Gauci,Aston Villa,4.0,1.0,GK,13
Olsen,Aston Villa,4.5,1.0,GK,13
Zych,Aston Villa,4.0,1.0,GK,13
Dennis,Bournemouth,4.0,1.0,GK,13
Valdimarsson,Brentford,4.0,1.0,GK,13
Cahill,Brighton & Hove Albion,3.9,1.0,GK,13
Bergström,Chelsea,4.0,1.0,GK,13
Bettinelli,Chelsea,4.0,1.0,GK,13
Jørgensen,Chelsea,4.2,1.0,GK,13
Matthews,Crystal Palace,4.0,1.0,GK,13
Turner,Crystal Palace,4.0,1.0,GK,13
J.Virginia,Everton,4.0,1.0,GK,13
Begovic,Everton,4.0,1.0,GK,13
Benda,Fulham,4.0,1.0,GK,13
Slicker,Ipswich Town,4.0,1.0,GK,13
Iversen,Leicester City,4.0,1.0,GK,13
Stolarczyk,Leicester City,4.0,0.0,GK,13
Ward,Leicester City,4.0,1.0,GK,13
Davies,Liverpool,4.0,1.0,GK,13
Carson,Manchester City,4.0,1.0,GK,13
Ortega Moreno,Manchester City,5.2,1.0,GK,13
Bayindir,Manchester United,4.3,1.0,GK,13
Heaton,Manchester United,4.0,1.0,GK,13
Dúbravka,Newcastle United,4.2,1.0,GK,13
Odysseas,Newcastle United,4.3,1.0,GK,13
Ruddy,Newcastle United,4.0,1.0,GK,13
C.Miguel,Nottingham Forest,4.2,1.0,GK,13
Bazunu,Southampton,4.3,0.0,GK,13
Lumley,Southampton,4.0,1.0,GK,13
Austin,Tottenham Hotspur,4.0,1.0,GK,13
Forster,Tottenham Hotspur,4.3,1.0,GK,13
Whiteman,Tottenham Hotspur,4.0,1.0,GK,13
Foderingham,West Ham United,4.3,1.0,GK,13
Bentley,Wolverhampton Wanderers,4.0,1.0,GK,13
King,Wolverhampton Wanderers,4.0,1.0,GK,13
Virgil,Liverpool,6.3,1.0,DEF,13
Gabriel,Arsenal,6.2,0.75,DEF,13
Gvardiol,Manchester City,6.3,1.0,DEF,13
Pedro Porro,Tottenham Hotspur,5.5,1.0,DEF,13
Aina,Nottingham Forest,4.8,1.0,DEF,13
Alexander-Arnold,Liverpool,6.9,1.0,DEF,13
Konaté,Liverpool,5.4,0.75,DEF,13
Murillo,Nottingham Forest,4.6,1.0,DEF,13
Young,Everton,4.5,1.0,DEF,13
Dalot,Manchester United,5.2,1.0,DEF,13
Mazraoui,Manchester United,4.6,1.0,DEF,13
Robinson,Fulham,4.7,1.0,DEF,13
Robertson,Liverpool,5.9,1.0,DEF,13
Digne,Aston Villa,4.7,1.0,DEF,13
Guéhi,Crystal Palace,4.5,1.0,DEF,13
Aït-Nouri,Wolverhampton Wanderers,4.8,1.0,DEF,13
Tarkowski,Everton,4.8,1.0,DEF,13
De Ligt,Manchester United,5.0,1.0,DEF,13
Milenković,Nottingham Forest,4.5,1.0,DEF,13
Collins,Brentford,4.5,1.0,DEF,13
Veltman,Brighton & Hove Albion,4.6,1.0,DEF,13
Davis,Ipswich Town,4.5,1.0,DEF,13
Romero,Tottenham Hotspur,5.0,0.5,DEF,13
Justin,Leicester City,4.6,1.0,DEF,13
Hall,Newcastle United,4.4,1.0,DEF,13
Wan-Bissaka,West Ham United,4.4,1.0,DEF,13
Kilman,West Ham United,4.5,1.0,DEF,13
Keane,Everton,4.3,1.0,DEF,13
Kerkez,Bournemouth,4.4,1.0,DEF,13
J.Timber,Arsenal,5.5,1.0,DEF,13
Saliba,Arsenal,6.0,1.0,DEF,13
Lewis,Manchester City,4.8,1.0,DEF,13
Pinnock,Brentford,4.5,1.0,DEF,13
Tete,Fulham,4.5,1.0,DEF,13
Martinez,Manchester United,4.4,0.75,DEF,13
Udogie,Tottenham Hotspur,4.9,1.0,DEF,13
Mykolenko,Everton,4.3,1.0,DEF,13
Livramento,Newcastle United,4.5,1.0,DEF,13
Alex Moreno,Nottingham Forest,4.4,1.0,DEF,13
Emerson,West Ham United,4.4,1.0,DEF,13
White,Arsenal,6.2,0.0,DEF,13
Burn,Newcastle United,4.4,1.0,DEF,13
Van de Ven,Tottenham Hotspur,4.6,0.0,DEF,13
Colwill,Chelsea,4.5,1.0,DEF,13
Mitchell,Crystal Palace,4.9,1.0,DEF,13
Muñoz,Crystal Palace,4.8,1.0,DEF,13
Sugawara,Southampton,4.5,1.0,DEF,13
Van Hecke,Brighton & Hove Albion,4.5,1.0,DEF,13
Bassey,Fulham,4.5,1.0,DEF,13
Zabarnyi,Bournemouth,4.4,1.0,DEF,13
Faes,Leicester City,4.1,1.0,DEF,13
Schär,Newcastle United,5.4,1.0,DEF,13
Harwood-Bellis,Southampton,4.1,1.0,DEF,13
Dunk,Brighton & Hove Albion,4.4,0.75,DEF,13
Akanji,Manchester City,5.4,1.0,DEF,13
Walker-Peters,Southampton,4.4,1.0,DEF,13
Lacroix,Crystal Palace,4.5,1.0,DEF,13
Calafiori,Arsenal,5.8,1.0,DEF,13
Konsa,Aston Villa,4.4,1.0,DEF,13
Pau,Aston Villa,4.4,1.0,DEF,13
Senesi,Bournemouth,4.8,1.0,DEF,13
Cucurella,Chelsea,5.0,1.0,DEF,13
Chalobah,Crystal Palace,4.4,1.0,DEF,13
Andersen,Fulham,4.3,0.75,DEF,13
Stones,Manchester City,5.3,1.0,DEF,13
Smith,Bournemouth,4.5,1.0,DEF,13
F.Kadıoğlu,Brighton & Hove Albion,4.5,0.25,DEF,13
Rúben,Manchester City,5.4,1.0,DEF,13
N.Semedo,Wolverhampton Wanderers,4.5,1.0,DEF,13
W.Fofana,Chelsea,4.5,1.0,DEF,13
Dawson,Wolverhampton Wanderers,4.4,1.0,DEF,13
Bednarek,Southampton,4.0,0.0,DEF,13
Mavropanos,West Ham United,4.4,1.0,DEF,13
Van den Berg,Brentford,4.1,1.0,DEF,13
Branthwaite,Everton,4.8,1.0,DEF,13
O'Shea,Ipswich Town,4.0,1.0,DEF,13
Toti,Wolverhampton Wanderers,4.3,1.0,DEF,13
Todibo,West Ham United,4.3,0.75,DEF,13
Cash,Aston Villa,4.4,1.0,DEF,13
Tuanzebe,Ipswich Town,4.0,1.0,DEF,13
Kristiansen,Leicester City,4.5,1.0,DEF,13
Okoli,Leicester City,4.0,1.0,DEF,13
Evans,Manchester United,4.4,1.0,DEF,13
Trippier,Newcastle United,5.6,1.0,DEF,13
N.Williams,Nottingham Forest,4.3,1.0,DEF,13
Clyne,Crystal Palace,4.4,1.0,DEF,13
Tsimikas,Liverpool,4.6,0.5,DEF,13
Diego Carlos,Aston Villa,4.5,1.0,DEF,13
Roerslev,Brentford,4.4,1.0,DEF,13
Igor,Brighton & Hove Albion,4.4,1.0,DEF,13
Gusto,Chelsea,4.9,1.0,DEF,13
Greaves,Ipswich Town,4.0,0.75,DEF,13
Bradley,Liverpool,4.7,0.75,DEF,13
Dragusin,Tottenham Hotspur,4.3,1.0,DEF,13
C.Richards,Crystal Palace,4.4,1.0,DEF,13
Kelly,Newcastle United,4.3,1.0,DEF,13
Krafth,Newcastle United,4.4,0.0,DEF,13
Stephens,Southampton,4.0,1.0,DEF,13
Coufal,West Ham United,4.3,1.0,DEF,13
S.Bueno,Wolverhampton Wanderers,4.3,0.75,DEF,13
Zinchenko,Arsenal,4.8,1.0,DEF,13
Maatsen,Aston Villa,4.6,1.0,DEF,13
J.Araujo,Bournemouth,4.4,0.0,DEF,13
Estupiñan,Brighton & Hove Albion,5.0,1.0,DEF,13
Diop,Fulham,4.4,1.0,DEF,13
Walker,Manchester City,5.2,1.0,DEF,13
Maguire,Manchester United,4.9,0.25,DEF,13
Manning,Southampton,4.3,1.0,DEF,13
Ajer,Brentford,4.4,0.0,DEF,13
Disasi,Chelsea,4.3,1.0,DEF,13
Tosin,Chelsea,4.2,1.0,DEF,13
Burgess,Ipswich Town,3.9,1.0,DEF,13
Johnson,Ipswich Town,4.0,0.75,DEF,13
Davies,Tottenham Hotspur,4.3,1.0,DEF,13
Huijsen,Bournemouth,4.3,1.0,DEF,13
James,Chelsea,4.9,0.0,DEF,13
Vestergaard,Leicester City,4.0,1.0,DEF,13
Morato,Nottingham Forest,4.5,1.0,DEF,13
Taylor,Southampton,3.9,1.0,DEF,13
Kiwior,Arsenal,4.8,1.0,DEF,13
Woolfenden,Ipswich Town,4.0,1.0,DEF,13
Doherty,Wolverhampton Wanderers,4.3,1.0,DEF,13
Nedeljkovic,Aston Villa,4.0,1.0,DEF,13
Lamptey,Brighton & Hove Albion,4.4,0.75,DEF,13
B.Badiashile,Chelsea,4.3,1.0,DEF,13
Gomez,Liverpool,4.8,1.0,DEF,13
Lindelof,Manchester United,4.3,0.75,DEF,13
Boly,Nottingham Forest,4.3,1.0,DEF,13
Spence,Tottenham Hotspur,4.4,1.0,DEF,13
Cresswell,West Ham United,4.0,1.0,DEF,13
Mosquera,Wolverhampton Wanderers,3.9,0.0,DEF,13
Bogarde,Aston Villa,4.0,1.0,DEF,13
Castagne,Fulham,4.2,1.0,DEF,13
Ricardo,Leicester City,4.2,0.0,DEF,13
Aké,Manchester City,5.3,1.0,DEF,13
Tomiyasu,Arsenal,4.8,0.0,DEF,13
Aarons,Bournemouth,4.3,1.0,DEF,13
Mee,Brentford,4.2,1.0,DEF,13
Webster,Brighton & Hove Albion,4.3,0.5,DEF,13
Chadi Riad,Crystal Palace,4.3,0.0,DEF,13
Kporha,Crystal Palace,4.0,1.0,DEF,13
Coleman,Everton,4.3,0.0,DEF,13
J.Cuenca,Fulham,4.4,1.0,DEF,13
Townsend,Ipswich Town,4.0,1.0,DEF,13
Quansah,Liverpool,3.9,1.0,DEF,13
Shaw,Manchester United,4.9,1.0,DEF,13
Toffolo,Nottingham Forest,4.3,1.0,DEF,13
Bree,Southampton,3.9,1.0,DEF,13
Pond,Wolverhampton Wanderers,3.9,1.0,DEF,13
Tierney,Arsenal,4.3,1.0,DEF,13
Kacurri,Arsenal,4.0,1.0,DEF,13
Heaven,Arsenal,4.0,1.0,DEF,13
Nichols,Arsenal,4.0,1.0,DEF,13
Hause,Aston Villa,4.0,1.0,DEF,13
Mings,Aston Villa,4.4,1.0,DEF,13
Swinkels,Aston Villa,4.0,1.0,DEF,13
Hill,Bournemouth,4.0,1.0,DEF,13
Kinsey,Bournemouth,4.0,1.0,DEF,13
Henry,Brentford,4.3,0.0,DEF,13
Hickey,Brentford,4.3,0.0,DEF,13
Ji-soo,Brentford,3.9,1.0,DEF,13
Meghoma,Brentford,4.0,1.0,DEF,13
Samuels,Brighton & Hove Albion,4.0,1.0,DEF,13
McConville,Brighton & Hove Albion,4.0,1.0,DEF,13
Chilwell,Chelsea,4.7,1.0,DEF,13
Holding,Crystal Palace,4.3,1.0,DEF,13
Ward,Crystal Palace,4.3,1.0,DEF,13
Patterson,Everton,4.4,1.0,DEF,13
O'Brien,Everton,4.6,1.0,DEF,13
Dixon,Everton,4.0,1.0,DEF,13
Sessegnon,Fulham,4.2,1.0,DEF,13
Coady,Leicester City,4.0,1.0,DEF,13
Thomas,Leicester City,3.9,1.0,DEF,13
Simpson-Pusey,Manchester City,4.0,1.0,DEF,13
Wilson-Esbrand,Manchester City,4.0,1.0,DEF,13
Malacia,Manchester United,4.4,1.0,DEF,13
Yoro,Manchester United,4.3,0.5,DEF,13
Amass,Manchester United,4.0,1.0,DEF,13
A.Murphy,Newcastle United,4.0,1.0,DEF,13
Botman,Newcastle United,4.4,0.0,DEF,13
Lascelles,Newcastle United,4.5,0.0,DEF,13
Targett,Newcastle United,4.0,1.0,DEF,13
Omobamidele,Nottingham Forest,4.3,1.0,DEF,13
Bella-Kotchap,Southampton,3.9,1.0,DEF,13
Edwards,Southampton,3.9,1.0,DEF,13
Larios,Southampton,4.0,1.0,DEF,13
Wood,Southampton,4.0,1.0,DEF,13
Reguilón,Tottenham Hotspur,4.2,1.0,DEF,13
Hardy,Tottenham Hotspur,4.0,1.0,DEF,13
Casey,West Ham United,4.0,1.0,DEF,13
Scarles,West Ham United,4.0,1.0,DEF,13
Pedro Lima,Wolverhampton Wanderers,4.0,1.0,DEF,13
Meupiyou,Wolverhampton Wanderers,4.0,0.75,DEF,13
H.Clarke,Ipswich Town,4.0,1.0,DEF,13
M.Salah,Liverpool,13.1,1.0,MID,13
Palmer,Chelsea,10.9,1.0,MID,13
Saka,Arsenal,10.2,1.0,MID,13
Mbeumo,Brentford,7.9,1.0,MID,13
Maddison,Tottenham Hotspur,7.6,1.0,MID,13
Luis Díaz,Liverpool,7.6,1.0,MID,13
Bowen,West Ham United,7.4,1.0,MID,13
Smith Rowe,Fulham,5.8,1.0,MID,13
Johnson,Tottenham Hotspur,6.7,1.0,MID,13
McNeil,Everton,5.6,1.0,MID,13
Iwobi,Fulham,5.6,1.0,MID,13
Son,Tottenham Hotspur,9.9,1.0,MID,13
Madueke,Chelsea,6.4,1.0,MID,13
B.Fernandes,Manchester United,8.5,1.0,MID,13
Barnes,Newcastle United,6.3,1.0,MID,13
Martinelli,Arsenal,6.9,1.0,MID,13
Rogers,Aston Villa,5.4,1.0,MID,13
Semenyo,Bournemouth,5.7,0.0,MID,13
Mitoma,Brighton & Hove Albion,6.4,1.0,MID,13
Kulusevski,Tottenham Hotspur,6.3,1.0,MID,13
Georginio,Brighton & Hove Albion,5.6,1.0,MID,13
Kovačić,Manchester City,5.5,0.0,MID,13
Damsgaard,Brentford,5.0,1.0,MID,13
Garnacho,Manchester United,6.4,1.0,MID,13
Souček,West Ham United,4.9,1.0,MID,13
Janelt,Brentford,4.9,1.0,MID,13
Gordon,Newcastle United,7.2,1.0,MID,13
Hudson-Odoi,Nottingham Forest,5.4,1.0,MID,13
Mario Jr.,Wolverhampton Wanderers,5.0,1.0,MID,13
Thomas,Arsenal,5.0,1.0,MID,13
Adama,Fulham,5.0,1.0,MID,13
Buonanotte,Leicester City,5.0,1.0,MID,13
Rashford,Manchester United,6.9,1.0,MID,13
Joelinton,Newcastle United,6.0,1.0,MID,13
J.Gomes,Wolverhampton Wanderers,4.9,1.0,MID,13
Tielemans,Aston Villa,5.5,1.0,MID,13
Cook,Bournemouth,5.0,1.0,MID,13
Kluivert,Bournemouth,5.3,1.0,MID,13
Caicedo,Chelsea,4.9,1.0,MID,13
Szoboszlai,Liverpool,6.3,1.0,MID,13
Szmodics,Ipswich Town,5.8,1.0,MID,13
Tavernier,Bournemouth,5.5,1.0,MID,13
Diogo J.,Liverpool,7.2,0.5,MID,13
Amad,Manchester United,4.9,1.0,MID,13
Trossard,Arsenal,6.8,1.0,MID,13
Bernardo,Manchester City,6.4,1.0,MID,13
Lewis-Potter,Brentford,5.0,1.0,MID,13
Morsy,Ipswich Town,4.9,1.0,MID,13
Ndidi,Leicester City,5.0,1.0,MID,13
Gravenberch,Liverpool,5.0,1.0,MID,13
L.Paquetá,West Ham United,5.8,1.0,MID,13
Onana,Aston Villa,4.9,0.5,MID,13
Enzo,Chelsea,4.8,1.0,MID,13
Eze,Crystal Palace,6.6,0.5,MID,13
I.Sarr,Crystal Palace,5.7,1.0,MID,13
Andreas,Fulham,5.2,1.0,MID,13
Hutchinson,Ipswich Town,5.2,1.0,MID,13
J.Ayew,Leicester City,5.2,1.0,MID,13
Sávio,Manchester City,6.5,1.0,MID,13
Yates,Nottingham Forest,4.9,1.0,MID,13
Mavididi,Leicester City,5.3,1.0,MID,13
Jones,Liverpool,5.3,1.0,MID,13
Bruno G.,Newcastle United,6.2,0.75,MID,13
Hinshelwood,Brighton & Hove Albion,5.0,0.75,MID,13
Anderson,Nottingham Forest,5.0,0.75,MID,13
M.Fernandes,Southampton,5.0,1.0,MID,13
Bissouma,Tottenham Hotspur,4.9,1.0,MID,13
Baleba,Brighton & Hove Albion,5.0,0.0,MID,13
A.Fatawu,Leicester City,5.3,0.0,MID,13
Casemiro,Manchester United,4.8,1.0,MID,13
Elanga,Nottingham Forest,5.2,0.75,MID,13
Neto,Chelsea,6.2,1.0,MID,13
Barkley,Aston Villa,5.2,1.0,MID,13
Wilson,Fulham,5.2,1.0,MID,13
Aribo,Southampton,4.9,1.0,MID,13
Bellegarde,Wolverhampton Wanderers,5.0,1.0,MID,13
Bailey,Aston Villa,6.3,1.0,MID,13
Christie,Bournemouth,4.9,1.0,MID,13
O.Dango,Bournemouth,5.0,1.0,MID,13
Winks,Leicester City,4.5,0.75,MID,13
Gündogan,Manchester City,6.5,1.0,MID,13
Dibling,Southampton,4.5,1.0,MID,13
Kudus,West Ham United,6.2,0.0,MID,13
Ramsey,Aston Villa,5.4,0.5,MID,13
Nørgaard,Brentford,4.8,1.0,MID,13
A.Doucoure,Everton,5.1,1.0,MID,13
Gana,Everton,4.9,1.0,MID,13
Harrison,Everton,5.3,1.0,MID,13
Nelson,Fulham,5.0,1.0,MID,13
Doku,Manchester City,6.3,0.75,MID,13
Carvalho,Brentford,4.8,1.0,MID,13
Minteh,Brighton & Hove Albion,5.2,1.0,MID,13
Mac Allister,Liverpool,6.2,1.0,MID,13
Gibbs-White,Nottingham Forest,6.3,0.75,MID,13
P.M.Sarr,Tottenham Hotspur,4.8,1.0,MID,13
Summerville,West Ham United,5.7,1.0,MID,13
Ødegaard,Arsenal,8.2,1.0,MID,13
McGinn,Aston Villa,5.2,1.0,MID,13
Sancho,Chelsea,6.2,1.0,MID,13
J.Murphy,Newcastle United,5.0,1.0,MID,13
G.Rodríguez,West Ham United,4.9,1.0,MID,13
Rice,Arsenal,6.2,1.0,MID,13
Sinisterra,Bournemouth,4.9,0.0,MID,13
Schade,Brentford,5.1,1.0,MID,13
De Bruyne,Manchester City,9.4,1.0,MID,13
Longstaff,Newcastle United,4.7,1.0,MID,13
Downes,Southampton,4.8,1.0,MID,13
Bentancur,Tottenham Hotspur,5.0,0.0,MID,13
Adingra,Brighton & Hove Albion,5.3,1.0,MID,13
Foden,Manchester City,9.1,1.0,MID,13
Matheus N.,Manchester City,4.9,1.0,MID,13
Werner,Tottenham Hotspur,6.2,1.0,MID,13
Ayari,Brighton & Hove Albion,5.0,1.0,MID,13
Merino,Arsenal,6.0,1.0,MID,13
Jensen,Brentford,5.3,1.0,MID,13
Nkunku,Chelsea,5.9,1.0,MID,13
Chaplin,Ipswich Town,5.1,1.0,MID,13
Grealish,Manchester City,6.4,1.0,MID,13
Eriksen,Manchester United,5.4,1.0,MID,13
Guedes,Wolverhampton Wanderers,5.3,1.0,MID,13
Wharton,Crystal Palace,4.7,0.0,MID,13
Lindstrøm,Everton,5.1,1.0,MID,13
Berge,Fulham,5.0,1.0,MID,13
Burns,Ipswich Town,4.8,1.0,MID,13
J.Clarke,Ipswich Town,5.5,1.0,MID,13
Tonali,Newcastle United,5.5,1.0,MID,13
Willock,Newcastle United,4.8,0.75,MID,13
Kamada,Crystal Palace,5.1,0.0,MID,13
Mangala,Everton,5.0,1.0,MID,13
Dominguez,Nottingham Forest,4.8,1.0,MID,13
Doyle,Wolverhampton Wanderers,4.8,1.0,MID,13
Wieffer,Brighton & Hove Albion,4.8,1.0,MID,13
Lukić,Fulham,4.8,1.0,MID,13
Mainoo,Manchester United,5.2,1.0,MID,13
Jota Silva,Nottingham Forest,5.9,1.0,MID,13
Sosa,Nottingham Forest,5.5,1.0,MID,13
Lavia,Chelsea,4.5,1.0,MID,13
João Félix,Chelsea,6.1,1.0,MID,13
De Cordova-Reid,Leicester City,5.2,1.0,MID,13
Nwaneri,Arsenal,4.5,1.0,MID,13
Brooks,Bournemouth,4.9,1.0,MID,13
Scott,Bournemouth,4.8,0.0,MID,13
Hughes,Crystal Palace,4.9,1.0,MID,13
Phillips,Ipswich Town,4.9,0.75,MID,13
Lallana,Southampton,5.0,0.5,MID,13
C.Doucouré,Crystal Palace,4.9,1.0,MID,13
Lerma,Crystal Palace,4.8,1.0,MID,13
Devenny,Crystal Palace,4.5,1.0,MID,13
Skipp,Leicester City,4.8,1.0,MID,13
El Khannouss,Leicester City,4.9,1.0,MID,13
Brereton Díaz,Southampton,5.0,1.0,MID,13
Sarabia,Wolverhampton Wanderers,5.1,0.75,MID,13
André,Wolverhampton Wanderers,5.0,1.0,MID,13
O'Riley,Brighton & Hove Albion,5.5,1.0,MID,13
Schlupp,Crystal Palace,4.7,1.0,MID,13
Cajuste,Ipswich Town,4.5,1.0,MID,13
Ugarte,Manchester United,4.9,1.0,MID,13
Ward-Prowse,Nottingham Forest,6.2,1.0,MID,13
Sterling,Arsenal,6.7,1.0,MID,13
Yarmoliuk,Brentford,4.4,1.0,MID,13
Iroegbunam,Everton,4.5,0.0,MID,13
C.Soler,West Ham United,5.0,1.0,MID,13
Hee Chan,Wolverhampton Wanderers,6.1,1.0,MID,13
R.Gomes,Wolverhampton Wanderers,5.2,1.0,MID,13
Enciso,Brighton & Hove Albion,5.4,1.0,MID,13
Mudryk,Chelsea,6.2,1.0,MID,13
Garner,Everton,4.9,0.0,MID,13
Cairney,Fulham,4.8,1.0,MID,13
Luongo,Ipswich Town,4.5,1.0,MID,13
Ogbene,Ipswich Town,4.9,0.0,MID,13
McAteer,Leicester City,4.7,1.0,MID,13
Jaden,Aston Villa,5.3,1.0,MID,13
Reed,Fulham,4.8,0.0,MID,13
Endo,Liverpool,4.7,1.0,MID,13
Almirón,Newcastle United,5.5,1.0,MID,13
Ugochukwu,Southampton,4.5,1.0,MID,13
Smallbone,Southampton,5.0,0.0,MID,13
Bergvall,Tottenham Hotspur,4.4,1.0,MID,13
Odobert,Tottenham Hotspur,5.3,0.0,MID,13
Álvarez,West Ham United,5.0,1.0,MID,13
Adams,Bournemouth,4.9,1.0,MID,13
Milner,Brighton & Hove Albion,5.0,0.0,MID,13
Renato Veiga,Chelsea,4.5,1.0,MID,13
Taylor,Ipswich Town,4.8,1.0,MID,13
B.Soumaré,Leicester City,4.4,1.0,MID,13
Gray,Tottenham Hotspur,4.7,1.0,MID,13
Moore,Tottenham Hotspur,4.5,0.5,MID,13
Jorginho,Arsenal,4.7,1.0,MID,13
Buendia,Aston Villa,5.2,1.0,MID,13
Konak,Brentford,4.5,1.0,MID,13
Gruda,Brighton & Hove Albion,5.4,1.0,MID,13
Dewsbury-Hall,Chelsea,5.6,1.0,MID,13
Mount,Manchester United,6.3,1.0,MID,13
Sangaré,Nottingham Forest,4.4,0.0,MID,13
Forbs,Wolverhampton Wanderers,5.5,1.0,MID,13
Fraser,Southampton,4.8,1.0,MID,13
Irving,West Ham United,4.8,1.0,MID,13
Kamara,Aston Villa,5.0,1.0,MID,13
Philip,Bournemouth,4.8,1.0,MID,13
Moder,Brighton & Hove Albion,4.4,1.0,MID,13
Agbinone,Crystal Palace,4.5,1.0,MID,13
Rodrigo,Manchester City,6.3,0.0,MID,13
Antony,Manchester United,5.7,1.0,MID,13
Kamaldeen,Southampton,5.0,1.0,MID,13
L.Guilherme,West Ham United,4.7,1.0,MID,13
Lewis-Skelly,Arsenal,4.5,1.0,MID,13
Trevitt,Brentford,4.5,1.0,MID,13
Armstrong,Everton,4.5,1.0,MID,13
Choudhury,Leicester City,4.4,1.0,MID,13
Elliott,Liverpool,5.2,1.0,MID,13
Chiesa,Liverpool,6.8,0.5,MID,13
McAtee,Manchester City,4.7,1.0,MID,13
Collyer,Manchester United,4.5,1.0,MID,13
Da Silva Moreira,Nottingham Forest,4.5,1.0,MID,13
Danilo,Nottingham Forest,4.7,0.0,MID,13
Amo-Ameyaw,Southampton,4.4,1.0,MID,13
Cornet,Southampton,4.7,1.0,MID,13
Oulad M'hand,Arsenal,4.5,1.0,MID,13
Kabia,Arsenal,4.5,1.0,MID,13
Young,Aston Villa,4.5,1.0,MID,13
Broggio,Aston Villa,4.5,1.0,MID,13
Brierley,Brentford,4.5,1.0,MID,13
Dasilva,Brentford,4.8,0.0,MID,13
G.Nunes,Brentford,4.9,0.5,MID,13
Yogane,Brentford,4.5,1.0,MID,13
Maghoma,Brentford,4.5,1.0,MID,13
March,Brighton & Hove Albion,6.5,0.5,MID,13
Peupion,Brighton & Hove Albion,4.5,1.0,MID,13
Casadei,Chelsea,4.4,1.0,MID,13
Chukwuemeka,Chelsea,4.8,1.0,MID,13
Kellyman,Chelsea,4.4,0.0,MID,13
M.França,Crystal Palace,4.4,0.0,MID,13
Umeh-Chibueze,Crystal Palace,4.5,0.25,MID,13
Rodney,Crystal Palace,4.5,1.0,MID,13
Bates,Everton,4.5,1.0,MID,13
King,Fulham,4.5,1.0,MID,13
Godo,Fulham,4.5,1.0,MID,13
Broadhead,Ipswich Town,4.9,0.75,MID,13
Golding,Leicester City,4.4,1.0,MID,13
Alves,Leicester City,4.5,1.0,MID,13
McConnell,Liverpool,4.4,1.0,MID,13
Morton,Liverpool,4.4,1.0,MID,13
Bobb,Manchester City,4.7,0.0,MID,13
O’Reilly,Manchester City,4.9,1.0,MID,13
Wright,Manchester City,4.5,1.0,MID,13
Fletcher,Manchester United,4.5,1.0,MID,13
Fitzgerald,Manchester United,4.5,1.0,MID,13
Hayden,Newcastle United,4.5,1.0,MID,13
Kuol,Newcastle United,4.5,1.0,MID,13
Miley,Newcastle United,5.0,1.0,MID,13
Olusesi,Tottenham Hotspur,4.5,1.0,MID,13
B.Traore,Wolverhampton Wanderers,4.8,0.0,MID,13
Cundle,Wolverhampton Wanderers,4.5,1.0,MID,13
Gonzalez,Wolverhampton Wanderers,4.4,0.0,MID,13
Edozie,Wolverhampton Wanderers,4.5,1.0,MID,13
Haaland,Manchester City,15.1,1.0,FWD,13
Cunha,Wolverhampton Wanderers,7.0,1.0,FWD,13
N.Jackson,Chelsea,8.0,1.0,FWD,13
Wood,Nottingham Forest,6.6,1.0,FWD,13
Welbeck,Brighton & Hove Albion,6.0,1.0,FWD,13
Watkins,Aston Villa,9.0,1.0,FWD,13
Wissa,Brentford,6.1,1.0,FWD,13
Delap,Ipswich Town,5.6,1.0,FWD,13
Raúl,Fulham,5.7,1.0,FWD,13
Strand Larsen,Wolverhampton Wanderers,5.6,1.0,FWD,13
Isak,Newcastle United,8.5,1.0,FWD,13
Solanke,Tottenham Hotspur,7.6,1.0,FWD,13
Evanilson,Bournemouth,6.0,1.0,FWD,13
Havertz,Arsenal,7.9,1.0,FWD,13
Vardy,Leicester City,5.6,1.0,FWD,13
João Pedro,Brighton & Hove Albion,5.7,1.0,FWD,13
Mateta,Crystal Palace,7.2,1.0,FWD,13
Antonio,West Ham United,5.4,1.0,FWD,13
Calvert-Lewin,Everton,5.6,1.0,FWD,13
Ndiaye,Everton,5.4,1.0,FWD,13
Duran,Aston Villa,5.9,1.0,FWD,13
Archer,Southampton,5.0,1.0,FWD,13
Darwin,Liverpool,7.1,1.0,FWD,13
Zirkzee,Manchester United,6.6,1.0,FWD,13
Gakpo,Liverpool,7.1,1.0,FWD,13
Højlund,Manchester United,6.9,1.0,FWD,13
Armstrong,Southampton,5.1,1.0,FWD,13
Muniz,Fulham,5.5,1.0,FWD,13
Ings,West Ham United,5.0,1.0,FWD,13
Hirst,Ipswich Town,5.4,0.0,FWD,13
Beto,Everton,5.0,1.0,FWD,13
Ferguson,Brighton & Hove Albion,5.5,1.0,FWD,13
Enes Ünal,Bournemouth,5.4,1.0,FWD,13
Nketiah,Crystal Palace,5.9,0.0,FWD,13
Awoniyi,Nottingham Forest,5.6,1.0,FWD,13
G.Jesus,Arsenal,6.8,1.0,FWD,13
Edouard,Leicester City,5.2,1.0,FWD,13
Richarlison,Tottenham Hotspur,6.8,0.0,FWD,13
Onuachu,Southampton,4.9,0.75,FWD,13
Osula,Newcastle United,5.0,1.0,FWD,13
Stewart,Southampton,4.5,0.0,FWD,13
Füllkrug,West Ham United,6.7,0.0,FWD,13
Al-Hamadi,Ipswich Town,4.8,1.0,FWD,13
Thiago,Brentford,5.9,1.0,FWD,13
Marc Guiu,Chelsea,4.8,1.0,FWD,13
Daka,Leicester City,4.8,1.0,FWD,13
Wilson,Newcastle United,6.9,1.0,FWD,13
Butler-Oyedeji,Arsenal,4.5,1.0,FWD,13
Deivid,Chelsea,5.0,1.0,FWD,13
Marsh,Crystal Palace,4.5,1.0,FWD,13
Broja,Everton,5.4,0.0,FWD,13
Y. Chermiti,Everton,4.9,0.0,FWD,13
Vinicius,Fulham,5.0,1.0,FWD,13
Wheatley,Manchester United,4.5,1.0,FWD,13
Dennis,Nottingham Forest,4.9,1.0,FWD,13
Lankshear,Tottenham Hotspur,4.5,1.0,FWD,13
Chiwome,Wolverhampton Wanderers,4.5,1.0,FWD,13
Kalajdžić,Wolverhampton Wanderers,4.8,0.0,FWD,13
Beto,Everton,5.0,1.0,FWD,13
Ferguson,Brighton & Hove Albion,5.5,1.0,FWD,13
Enes Ünal,Bournemouth,5.4,1.0,FWD,13
Nketiah,Crystal Palace,5.9,0.0,FWD,13
Awoniyi,Nottingham Forest,5.6,1.0,FWD,13
G.Jesus,Arsenal,6.8,1.0,FWD,13
Edouard,Leicester City,5.2,1.0,FWD,13
Richarlison,Tottenham Hotspur,6.8,0.0,FWD,13
Onuachu,Southampton,4.9,0.75,FWD,13
Osula,Newcastle United,5.0,1.0,FWD,13
Stewart,Southampton,4.5,0.0,FWD,13
Füllkrug,West Ham United,6.7,0.0,FWD,13
Al-Hamadi,Ipswich Town,4.8,1.0,FWD,13
Thiago,Brentford,5.9,1.0,FWD,13
Marc Guiu,Chelsea,4.8,1.0,FWD,13
Daka,Leicester City,4.8,1.0,FWD,13
Wilson,Newcastle United,6.9,1.0,FWD,13
Butler-Oyedeji,Arsenal,4.5,1.0,FWD,13
Deivid,Chelsea,5.0,1.0,FWD,13
Marsh,Crystal Palace,4.5,1.0,FWD,13
Broja,Everton,5.4,0.0,FWD,13
Y. Chermiti,Everton,4.9,0.0,FWD,13
Vinicius,Fulham,5.0,1.0,FWD,13
Wheatley,Manchester United,4.5,1.0,FWD,13
Dennis,Nottingham Forest,4.9,1.0,FWD,13
Lankshear,Tottenham Hotspur,4.5,1.0,FWD,13
Chiwome,Wolverhampton Wanderers,4.5,1.0,FWD,13
Kalajdžić,Wolverhampton Wanderers,4.8,0.0,FWD,13
