name,element,position,team,opponent_team,condition,price,xTotPoints,total_points
Tomiyasu Takehiro,22,DEF,Arsenal,Brighton & Hove Albion,0.0,4.9,-0.0,0
Pau Torres,52,DEF,Aston Villa,Leicester City,1.0,4.5,1.98,2
Joel Ward,215,DEF,Crystal Palace,Chelsea,1.0,4.5,1.44,0
Milos Kerkez,70,DEF,Bournemouth,Everton,1.0,4.5,1.41,1
Conor Coady,288,DEF,Leicester City,Aston Villa,1.0,4.0,0.22,0
Adam Webster,147,DEF,Brighton & Hove Albion,Arsenal,1.0,4.5,0.21,0
Max Kilman,524,DEF,West Ham United,Manchester City,1.0,4.5,2.1,0
Alex Murphy,390,DEF,Newcastle United,Tottenham Hotspur,1.0,4.0,-0.0,0
George Edmundson,269,DEF,Ipswich Town,Fulham,1.0,4.0,0.22,0
Emerson Palmieri dos Santos,520,DEF,West Ham United,Manchester City,1.0,4.5,2.89,0
Craig Dawson,542,DEF,Wolverhampton Wanderers,Nottingham Forest,1.0,4.5,0.59,2
Marcos Senesi,79,DEF,Bournemouth,Everton,1.0,4.9,0.74,1
Jannik Vestergaard,307,DEF,Leicester City,Aston Villa,1.0,4.0,0.81,0
Luke Thomas,305,DEF,Leicester City,Aston Villa,1.0,4.0,-0.0,0
Adam Smith,81,DEF,Bournemouth,Everton,1.0,4.5,2.04,1
Miodrag Pivaš,574,DEF,Newcastle United,Tottenham Hotspur,1.0,4.0,-0.0,0
Taylor Harwood-Bellis,461,DEF,Southampton,Brentford,1.0,4.0,1.23,0
Lisandro Martínez,380,DEF,Manchester United,Liverpool,1.0,4.5,1.27,0
Joško Gvardiol,350,DEF,Manchester City,West Ham United,1.0,6.0,2.96,2
Harry Clarke,266,DEF,Ipswich Town,Fulham,0.0,4.0,-0.0,0
Joachim Andersen,191,DEF,Fulham,Ipswich Town,1.0,4.5,2.14,0
Roman Dixon,627,DEF,Everton,Bournemouth,1.0,4.0,0.03,0
Ryan Manning,467,DEF,Southampton,Brentford,1.0,4.4,-0.0,0
Vitalii Mykolenko,231,DEF,Everton,Bournemouth,1.0,4.4,0.25,1
Nélson Cabral Semedo,559,DEF,Wolverhampton Wanderers,Nottingham Forest,1.0,4.5,0.26,2
Benoît Badiashile,153,DEF,Chelsea,Crystal Palace,1.0,4.5,0.71,0
Radu Drăgușin,486,DEF,Tottenham Hotspur,Newcastle United,1.0,4.4,-0.0,1
Jack Stephens,472,DEF,Southampton,Brentford,1.0,4.0,1.15,1
Odeluga Offiah,139,DEF,Brighton & Hove Albion,Arsenal,1.0,4.0,0.0,0
Rico Henry,92,DEF,Brentford,Southampton,0.25,4.4,1.53,0
Rob Holding,202,DEF,Crystal Palace,Chelsea,1.0,4.4,-0.0,0
Ryan Sessegnon,579,DEF,Fulham,Ipswich Town,1.0,4.4,-0.0,0
Jonny Evans,371,DEF,Manchester United,Liverpool,1.0,4.4,0.41,0
Timothy Castagne,244,DEF,Fulham,Ipswich Town,1.0,4.4,0.0,0
Tariq Lamptey,131,DEF,Brighton & Hove Albion,Arsenal,1.0,4.5,0.22,0
Ola Aina,422,DEF,Nottingham Forest,Wolverhampton Wanderers,1.0,4.4,4.73,2
Jacob Greaves,270,DEF,Ipswich Town,Fulham,1.0,4.0,0.16,2
Issa Kaboré,626,DEF,Manchester City,West Ham United,1.0,4.5,0.28,0
Séamus Coleman,221,DEF,Everton,Bournemouth,1.0,4.4,-0.0,1
Fabian Schär,415,DEF,Newcastle United,Tottenham Hotspur,0.0,5.4,0.58,0
James Hill,68,DEF,Bournemouth,Everton,1.0,4.0,0.11,0
Nathan Patterson,234,DEF,Everton,Bournemouth,0.0,4.4,0.12,0
Kieran Tierney,21,DEF,Arsenal,Brighton & Hove Albion,0.0,4.4,-0.0,0
Sugawara Yukinari,474,DEF,Southampton,Brentford,1.0,4.5,1.22,7
Aaron Wan-Bissaka,388,DEF,West Ham United,Manchester City,1.0,4.5,2.25,1
Jake O'Brien,582,DEF,Everton,Bournemouth,1.0,4.9,-0.0,0
Kosta Nedeljković,50,DEF,Aston Villa,Leicester City,1.0,4.0,0.89,1
Nikola Milenković,573,DEF,Nottingham Forest,Wolverhampton Wanderers,1.0,4.5,2.25,2
Sepp van den Berg,338,DEF,Brentford,Southampton,1.0,4.0,-0.0,1
Kevin Mbabu,250,DEF,Fulham,Ipswich Town,1.0,4.0,-0.0,0
Jarrad Branthwaite,219,DEF,Everton,Bournemouth,0.0,4.9,0.23,0
Kyle Walker,363,DEF,Manchester City,West Ham United,1.0,5.4,3.04,1
Sergio Reguilón,496,DEF,Tottenham Hotspur,Newcastle United,1.0,4.4,0.19,0
Conor Townsend,583,DEF,Ipswich Town,Fulham,1.0,4.0,0.2,0
Ricardo Barbosa Pereira,302,DEF,Leicester City,Aston Villa,1.0,4.4,0.27,0
Rúben Gato Alves Dias,361,DEF,Manchester City,West Ham United,1.0,5.5,3.6,0
Ben Chilwell,160,DEF,Chelsea,Crystal Palace,1.0,4.9,1.3,0
Tyrick Mitchell,210,DEF,Crystal Palace,Chelsea,1.0,5.0,2.65,2
Micky van de Ven,506,DEF,Tottenham Hotspur,Newcastle United,1.0,4.5,1.67,0
Armel Bella-Kotchap,456,DEF,Southampton,Brentford,1.0,4.0,-0.0,0
Lamare Bogarde,598,DEF,Aston Villa,Leicester City,1.0,4.0,-0.0,1
Noussair Mazraoui,594,DEF,Manchester United,Liverpool,1.0,4.5,5.42,1
Ezri Konsa Ngoyo,44,DEF,Aston Villa,Leicester City,1.0,4.5,1.98,2
Pedro Porro,495,DEF,Tottenham Hotspur,Newcastle United,1.0,5.5,2.28,1
Leif Davis,267,DEF,Ipswich Town,Fulham,1.0,4.5,-0.0,7
Virgil van Dijk,339,DEF,Liverpool,Manchester United,1.0,6.0,4.26,5
Konstantinos Mavropanos,528,DEF,West Ham United,Manchester City,1.0,4.5,3.06,1
Juan Larios López,464,DEF,Southampton,Brentford,1.0,4.0,-0.0,0
Harry Toffolo,444,DEF,Nottingham Forest,Wolverhampton Wanderers,1.0,4.5,0.33,0
Ethan Pinnock,104,DEF,Brentford,Southampton,1.0,4.5,1.9,1
William Saliba,18,DEF,Arsenal,Brighton & Hove Albion,1.0,6.0,5.57,2
Chris Richards,194,DEF,Crystal Palace,Chelsea,1.0,4.5,0.36,2
Rayan Aït-Nouri,533,DEF,Wolverhampton Wanderers,Nottingham Forest,1.0,4.5,1.07,1
James Justin,295,DEF,Leicester City,Aston Villa,1.0,4.5,1.23,1
Michael Keane,228,DEF,Everton,Bournemouth,1.0,4.0,0.01,6
Álex Moreno Lopera,26,DEF,Nottingham Forest,Wolverhampton Wanderers,1.0,4.4,-0.0,0
Diego Carlos Santos Silva,35,DEF,Aston Villa,Leicester City,0.0,4.5,0.2,0
Trent Alexander-Arnold,311,DEF,Liverpool,Manchester United,1.0,7.0,4.83,6
Jamal Lewis,408,DEF,Newcastle United,Tottenham Hotspur,1.0,4.0,-0.0,0
Riccardo Calafiori,578,DEF,Arsenal,Brighton & Hove Albion,1.0,5.9,0.2,1
Jan Bednarek,455,DEF,Southampton,Brentford,1.0,4.0,0.79,1
Djed Spence,504,DEF,Tottenham Hotspur,Newcastle United,1.0,4.5,0.21,0
Wesley Fofana,189,DEF,Chelsea,Crystal Palace,1.0,4.5,0.47,1
Lucas Digne,36,DEF,Aston Villa,Leicester City,1.0,4.5,2.51,7
Matthijs de Ligt,593,DEF,Manchester United,Liverpool,1.0,5.0,0.96,0
Kim Ji-soo,96,DEF,Brentford,Southampton,1.0,4.0,-0.0,0
Nathaniel Clyne,196,DEF,Crystal Palace,Chelsea,1.0,4.4,0.83,2
Tyrell Malacia,379,DEF,Manchester United,Liverpool,0.0,4.4,-0.0,0
Lewis Dunk,120,DEF,Brighton & Hove Albion,Arsenal,1.0,4.5,3.33,2
Mason Holgate,225,DEF,Everton,Bournemouth,1.0,4.0,0.11,0
Kurt Zouma,532,DEF,West Ham United,Manchester City,1.0,4.4,0.91,0
Ibrahima Konaté,326,DEF,Liverpool,Manchester United,1.0,5.0,3.07,6
Chadi Riad Dnanou,195,DEF,Crystal Palace,Chelsea,0.0,4.5,0.2,0
Levi Colwill,162,DEF,Chelsea,Crystal Palace,1.0,4.5,1.05,2
Luke Woolfenden,284,DEF,Ipswich Town,Fulham,1.0,4.0,0.01,2
Joe Gomez,322,DEF,Liverpool,Manchester United,1.0,4.9,0.38,0
Yerson Mosquera,558,DEF,Wolverhampton Wanderers,Nottingham Forest,1.0,4.0,-0.32,2
Konstantinos Tsimikas,337,DEF,Liverpool,Manchester United,1.0,4.8,0.33,1
Gabriel dos Santos Magalhães,3,DEF,Arsenal,Brighton & Hove Albion,1.0,6.0,3.8,2
Ben Johnson,275,DEF,Ipswich Town,Fulham,1.0,4.0,0.65,0
Nayef Aguerd,529,DEF,West Ham United,Manchester City,1.0,4.4,0.93,0
Axel Tuanzebe,282,DEF,Ipswich Town,Fulham,1.0,4.0,0.55,2
Manuel Akanji,340,DEF,Manchester City,West Ham United,1.0,5.5,2.47,1
Matt Doherty,543,DEF,Wolverhampton Wanderers,Nottingham Forest,1.0,4.5,0.28,1
Conor Bradley,313,DEF,Liverpool,Manchester United,1.0,4.9,0.91,1
Jarell Quansah,333,DEF,Liverpool,Manchester United,1.0,4.3,0.19,0
Andrew Robertson,335,DEF,Liverpool,Manchester United,1.0,6.0,4.3,6
Oleksandr Zinchenko,25,DEF,Arsenal,Brighton & Hove Albion,1.0,5.0,2.21,1
Andrew Omobamidele,440,DEF,Nottingham Forest,Wolverhampton Wanderers,1.0,4.4,-0.0,0
Diogo Dalot Teixeira,369,DEF,Manchester United,Liverpool,1.0,5.0,2.85,1
Nathan Aké,341,DEF,Manchester City,West Ham United,1.0,5.4,1.11,1
Jamaal Lascelles,407,DEF,Newcastle United,Tottenham Hotspur,0.0,4.5,-0.0,0
Axel Disasi,167,DEF,Chelsea,Crystal Palace,1.0,4.4,1.87,0
Victor Kristiansen,296,DEF,Leicester City,Aston Villa,1.0,4.5,1.04,1
Kyle Walker-Peters,476,DEF,Southampton,Brentford,1.0,4.5,1.69,1
Antonee Robinson,255,DEF,Fulham,Ipswich Town,1.0,4.6,2.68,4
Illia Zabarnyi,85,DEF,Bournemouth,Everton,1.0,4.5,1.71,1
Sven Botman,393,DEF,Newcastle United,Tottenham Hotspur,0.0,4.5,0.92,0
Ronnie Edwards,460,DEF,Southampton,Brentford,1.0,4.0,-0.0,0
Ben Mee,100,DEF,Brentford,Southampton,1.0,4.5,0.33,0
Wout Faes,291,DEF,Leicester City,Aston Villa,1.0,4.1,4.66,1
Leny Yoro,572,DEF,Manchester United,Liverpool,0.0,4.4,-0.0,0
Ian Maatsen,45,DEF,Aston Villa,Leicester City,1.0,5.0,0.98,1
Mads Roerslev Rasmussen,105,DEF,Brentford,Southampton,1.0,4.5,1.15,1
Jurriën Timber,6,DEF,Arsenal,Brighton & Hove Albion,1.0,5.5,1.09,1
Vladimír Coufal,516,DEF,West Ham United,Manchester City,1.0,4.5,3.3,1
Marc Cucurella Saseta,163,DEF,Chelsea,Crystal Palace,1.0,5.0,0.15,2
Toti António Gomes,567,DEF,Wolverhampton Wanderers,Nottingham Forest,1.0,4.5,1.09,1
Cristian Romero,498,DEF,Tottenham Hotspur,Newcastle United,1.0,5.1,3.29,1
Dan Burn,395,DEF,Newcastle United,Tottenham Hotspur,1.0,4.5,2.64,0
Destiny Udogie,505,DEF,Tottenham Hotspur,Newcastle United,1.0,5.0,2.6,1
Pervis Estupiñán,122,DEF,Brighton & Hove Albion,Arsenal,1.0,5.0,2.62,1
Luke Shaw,387,DEF,Manchester United,Liverpool,0.0,4.9,0.83,0
Aaron Hickey,93,DEF,Brentford,Southampton,0.0,4.5,0.82,0
Caleb Okoli,301,DEF,Leicester City,Aston Villa,1.0,4.0,-0.0,0
Reece James,172,DEF,Chelsea,Crystal Palace,0.0,5.0,0.14,0
Santiago Bueno,564,DEF,Wolverhampton Wanderers,Nottingham Forest,1.0,4.5,0.31,0
Kenny Tete,257,DEF,Fulham,Ipswich Town,1.0,4.5,2.17,2
Kortney Hause,40,DEF,Aston Villa,Leicester City,1.0,4.0,-0.0,0
Tino Livramento,409,DEF,Newcastle United,Tottenham Hotspur,1.0,4.5,1.48,2
Daniel Muñoz,211,DEF,Crystal Palace,Chelsea,1.0,5.0,1.67,1
Charlie Taylor,475,DEF,Southampton,Brentford,1.0,4.0,0.5,0
Matty Cash,32,DEF,Aston Villa,Leicester City,0.0,4.5,1.48,0
Issa Diop,245,DEF,Fulham,Ipswich Town,1.0,4.5,2.84,2
Igor Julio dos Santos de Paulo,128,DEF,Brighton & Hove Albion,Arsenal,1.0,4.4,0.37,0
Pedro Cardoso de Lima,561,DEF,Wolverhampton Wanderers,Nottingham Forest,1.0,4.0,-0.0,0
Nathan Collins,88,DEF,Brentford,Southampton,1.0,4.5,3.53,5
Marc Guéhi,200,DEF,Crystal Palace,Chelsea,1.0,4.5,1.58,2
Ben Nelson,616,DEF,Leicester City,Aston Villa,1.0,4.0,-0.0,0
Kieran Trippier,418,DEF,Newcastle United,Tottenham Hotspur,1.0,5.9,1.08,0
John Stones,362,DEF,Manchester City,West Ham United,1.0,5.4,0.21,0
Lewis Hall,399,DEF,Newcastle United,Tottenham Hotspur,1.0,4.5,1.16,1
Ben Davies,484,DEF,Tottenham Hotspur,Newcastle United,1.0,4.5,0.33,0
Calvin Bassey,241,DEF,Fulham,Ipswich Town,1.0,4.5,0.94,2
Tosin Adarabioyo,187,DEF,Chelsea,Crystal Palace,1.0,4.4,-0.0,0
Matt Targett,416,DEF,Newcastle United,Tottenham Hotspur,1.0,4.0,-0.0,0
Jan Paul van Hecke,144,DEF,Brighton & Hove Albion,Arsenal,1.0,4.5,0.88,2
Jean-Clair Todibo,591,DEF,West Ham United,Manchester City,1.0,4.5,0.95,0
Chris Mepham,72,DEF,Bournemouth,Everton,1.0,4.4,0.02,0
Jorge Cuenca Barreno,586,DEF,Fulham,Ipswich Town,1.0,4.5,-0.0,0
Rico Lewis,355,DEF,Manchester City,West Ham United,1.0,4.6,2.45,6
Julián Araujo Zúñiga,592,DEF,Bournemouth,Everton,1.0,4.5,1.21,1
Murillo Santiago Costa dos Santos,436,DEF,Nottingham Forest,Wolverhampton Wanderers,1.0,4.5,3.98,2
James Tarkowski,236,DEF,Everton,Bournemouth,1.0,4.9,0.52,1
Joël Veltman,145,DEF,Brighton & Hove Albion,Arsenal,1.0,4.5,1.92,2
Tyrone Mings,49,DEF,Aston Villa,Leicester City,0.0,4.4,0.06,0
Malo Gusto,171,DEF,Chelsea,Crystal Palace,1.0,5.0,6.17,2
Lloyd Kelly,404,DEF,Newcastle United,Tottenham Hotspur,1.0,4.5,0.9,4
Dean Huijsen,580,DEF,Bournemouth,Everton,1.0,4.5,0.98,1
Max Aarons,59,DEF,Bournemouth,Everton,1.0,4.5,0.51,0
Nathan Wood-Gordon,477,DEF,Southampton,Brentford,1.0,4.0,-0.0,0
Benjamin White,24,DEF,Arsenal,Brighton & Hove Albion,1.0,6.5,4.7,2
Cameron Burgess,263,DEF,Ipswich Town,Fulham,1.0,4.0,-0.0,0
Neco Williams,437,DEF,Nottingham Forest,Wolverhampton Wanderers,1.0,4.5,2.75,2
Harry Maguire,377,DEF,Manchester United,Liverpool,1.0,5.0,1.18,1
Willy Boly,425,DEF,Nottingham Forest,Wolverhampton Wanderers,1.0,4.5,1.21,0
Victor Lindelöf,376,DEF,Manchester United,Liverpool,0.0,4.4,0.13,0
Aaron Cresswell,517,DEF,West Ham United,Manchester City,0.25,4.0,0.49,0
Emil Krafth,405,DEF,Newcastle United,Tottenham Hotspur,1.0,4.5,3.32,2
Jakub Kiwior,8,DEF,Arsenal,Brighton & Hove Albion,1.0,4.9,0.39,0
Kristoffer Ajer,86,DEF,Brentford,Southampton,1.0,4.5,2.71,1
Ashley Young,238,DEF,Everton,Bournemouth,1.0,4.5,0.19,0
James Bree,457,DEF,Southampton,Brentford,1.0,4.0,0.02,0
Alex Scott,77,MID,Bournemouth,Everton,1.0,5.0,0.38,1
Ben Brereton Díaz,584,MID,Southampton,Brentford,1.0,5.5,1.34,2
Hwang Hee-chan,550,MID,Wolverhampton Wanderers,Nottingham Forest,1.0,6.4,1.85,1
Mikey Moore,610,MID,Tottenham Hotspur,Newcastle United,1.0,4.5,0.0,0
João Victor Gomes da Silva,553,MID,Wolverhampton Wanderers,Nottingham Forest,1.0,5.0,1.31,0
Cole Palmer,182,MID,Chelsea,Crystal Palace,1.0,10.6,5.61,6
Mitoma Kaoru,136,MID,Brighton & Hove Albion,Arsenal,1.0,6.6,2.26,2
Boubakary Soumaré,285,MID,Leicester City,Aston Villa,1.0,4.5,0.28,0
Jeffrey Schlupp,214,MID,Crystal Palace,Chelsea,1.0,4.9,1.05,1
Ibrahim Sangaré,442,MID,Nottingham Forest,Wolverhampton Wanderers,1.0,4.5,0.8,0
Thomas Partey,20,MID,Arsenal,Brighton & Hove Albion,1.0,5.0,2.65,1
Harry Wilson,259,MID,Fulham,Ipswich Town,1.0,5.4,1.0,1
Kasey McAteer,299,MID,Leicester City,Aston Villa,1.0,4.9,0.92,1
Curtis Jones,324,MID,Liverpool,Manchester United,0.25,5.4,0.26,0
Wes Burns,264,MID,Ipswich Town,Fulham,0.0,4.9,0.04,0
Yunus Emre Konak,97,MID,Brentford,Southampton,1.0,4.5,0.0,0
Sávio 'Savinho' Moreira de Oliveira,571,MID,Manchester City,West Ham United,1.0,6.5,4.59,0
Abdoulaye Doucouré,217,MID,Everton,Bournemouth,1.0,5.4,2.16,1
Yves Bissouma,482,MID,Tottenham Hotspur,Newcastle United,1.0,5.0,1.47,1
Philip Billing,76,MID,Bournemouth,Everton,0.75,4.9,0.74,0
Gonçalo Manuel Ganchinho Guedes,548,MID,Wolverhampton Wanderers,Nottingham Forest,1.0,5.4,0.0,1
Brajan Gruda,595,MID,Brighton & Hove Albion,Arsenal,0.5,5.5,0.0,0
Rodrigo 'Rodri' Hernandez,360,MID,Manchester City,West Ham United,0.75,6.4,0.0,0
Jordan Ayew,192,MID,Leicester City,Aston Villa,1.0,5.4,1.51,2
Kiernan Dewsbury-Hall,166,MID,Chelsea,Crystal Palace,1.0,5.9,1.04,0
Jefferson Lerma Solís,206,MID,Crystal Palace,Chelsea,1.0,4.9,1.9,0
Bruno Borges Fernandes,366,MID,Manchester United,Liverpool,1.0,8.4,2.04,2
Billy Gilmour,124,MID,Brighton & Hove Albion,Arsenal,1.0,5.0,1.28,0
Crysencio Summerville,587,MID,West Ham United,Manchester City,1.0,5.9,0.56,1
Oliver Skipp,501,MID,Leicester City,Aston Villa,1.0,5.0,0.32,1
Tomáš Souček,530,MID,West Ham United,Manchester City,1.0,5.0,2.97,1
Moisés Caicedo Corozo,157,MID,Chelsea,Crystal Palace,1.0,5.0,1.12,2
Carlos Henrique Casimiro,368,MID,Manchester United,Liverpool,1.0,5.0,1.23,1
Jacob Murphy,402,MID,Newcastle United,Tottenham Hotspur,1.0,5.4,3.11,4
Sean Longstaff,410,MID,Newcastle United,Tottenham Hotspur,1.0,5.0,1.96,1
Leander Dendoncker,33,MID,Aston Villa,Leicester City,1.0,4.5,0.0,0
Ryan Christie,63,MID,Bournemouth,Everton,1.0,4.9,1.52,2
Frank Onyeka,102,MID,Brentford,Southampton,1.0,4.9,0.53,0
Morgan Gibbs-White,433,MID,Nottingham Forest,Wolverhampton Wanderers,1.0,6.5,3.87,1
Noni Madueke,177,MID,Chelsea,Crystal Palace,1.0,6.5,5.93,2
Tommy Doyle,544,MID,Wolverhampton Wanderers,Nottingham Forest,1.0,4.9,0.5,1
Lucas Bergvall,481,MID,Tottenham Hotspur,Newcastle United,1.0,4.5,0.95,1
Lesley Ugochukwu,188,MID,Southampton,Brentford,1.0,4.5,0.41,0
Christian Eriksen,370,MID,Manchester United,Liverpool,1.0,5.4,0.34,1
Jean-Ricner Bellegarde,535,MID,Wolverhampton Wanderers,Nottingham Forest,1.0,5.0,1.47,6
Mateo Kovačić,354,MID,Manchester City,West Ham United,0.75,5.5,2.44,2
Nicolás Domínguez,431,MID,Nottingham Forest,Wolverhampton Wanderers,1.0,4.9,0.44,0
Phil Foden,348,MID,Manchester City,West Ham United,0.25,9.4,4.91,0
Mason Mount,382,MID,Manchester United,Liverpool,0.0,6.4,1.41,0
Gabriel Martinelli Silva,9,MID,Arsenal,Brighton & Hove Albion,1.0,7.0,3.7,1
Yasin Ayari,600,MID,Brighton & Hove Albion,Arsenal,1.0,5.0,0.17,2
Facundo Buonanotte,117,MID,Leicester City,Aston Villa,1.0,5.0,1.56,6
Amario Cozier-Duberry,118,MID,Brighton & Hove Albion,Arsenal,1.0,4.5,0.0,0
Ethan Brierley,87,MID,Brentford,Southampton,1.0,4.5,0.0,0
Ismaïla Sarr,585,MID,Crystal Palace,Chelsea,1.0,5.9,0.97,1
Jarrod Bowen,514,MID,West Ham United,Manchester City,1.0,7.5,2.85,5
Josh Dasilva,90,MID,Brentford,Southampton,0.0,4.9,0.08,0
Mohamed Salah,328,MID,Liverpool,Manchester United,1.0,12.6,11.86,17
Leandro Trossard,23,MID,Arsenal,Brighton & Hove Albion,1.0,6.9,2.36,1
Joe White,419,MID,Newcastle United,Tottenham Hotspur,1.0,4.5,0.0,0
Miguel Almirón Rejala,391,MID,Newcastle United,Tottenham Hotspur,1.0,5.8,0.66,1
James Garner,223,MID,Everton,Bournemouth,1.0,5.0,1.24,0
Marcus Tavernier,83,MID,Bournemouth,Everton,1.0,5.5,6.28,2
Omari Kellyman,173,MID,Chelsea,Crystal Palace,1.0,4.5,0.18,0
Daniel Castelo Podence,562,MID,Wolverhampton Wanderers,Nottingham Forest,1.0,5.5,0.48,0
Martial Godo,605,MID,Fulham,Ipswich Town,1.0,4.5,0.0,0
Harrison Reed,254,MID,Fulham,Ipswich Town,1.0,5.0,1.0,1
Guido Rodríguez,588,MID,West Ham United,Manchester City,1.0,5.0,1.99,1
Will Alves,606,MID,Leicester City,Aston Villa,1.0,4.5,0.0,0
Carlos Baleba,115,MID,Brighton & Hove Albion,Arsenal,1.0,5.0,0.38,2
Ryan Fraser,397,MID,Southampton,Brentford,1.0,4.9,0.0,0
Ângelo Gabriel Borges Damaceno,151,MID,Chelsea,Crystal Palace,1.0,4.5,0.0,0
Mathias Jensen,95,MID,Brentford,Southampton,1.0,5.5,2.0,6
Dango Ouattara,74,MID,Bournemouth,Everton,1.0,5.0,1.3,4
Yehor Yarmoliuk,111,MID,Brentford,Southampton,1.0,4.5,0.0,0
Tyler Dibling,608,MID,Southampton,Brentford,1.0,4.5,0.95,1
Josh Bowler,426,MID,Nottingham Forest,Wolverhampton Wanderers,1.0,4.5,0.0,0
Bobby De Cordova-Reid,290,MID,Leicester City,Aston Villa,1.0,5.5,2.38,1
Nathan Broadhead,262,MID,Ipswich Town,Fulham,0.0,5.0,0.0,0
Matheus Luiz Nunes,356,MID,Manchester City,West Ham United,1.0,4.9,0.33,4
Cameron Peupion,140,MID,Brighton & Hove Albion,Arsenal,1.0,4.5,0.0,0
Mats Wieffer,149,MID,Brighton & Hove Albion,Arsenal,0.5,5.0,1.73,0
Samuel Edozie,459,MID,Southampton,Brentford,1.0,4.9,0.53,0
Massimo Luongo,277,MID,Ipswich Town,Fulham,1.0,4.5,1.95,0
Harvey Elliott,319,MID,Liverpool,Manchester United,1.0,5.3,1.81,0
Garang Kuol,406,MID,Newcastle United,Tottenham Hotspur,1.0,4.5,0.0,0
Myles Peart-Harris,103,MID,Brentford,Southampton,1.0,4.5,0.0,0
Mahmoud Dahoud,119,MID,Brighton & Hove Albion,Arsenal,1.0,4.9,0.89,0
Nico O'Reilly,607,MID,Manchester City,West Ham United,1.0,5.0,0.0,0
Callum Hudson-Odoi,434,MID,Nottingham Forest,Wolverhampton Wanderers,1.0,5.5,1.57,2
Rodrigo Martins Gomes,563,MID,Wolverhampton Wanderers,Nottingham Forest,1.0,5.5,1.0,0
Alfie Devine,485,MID,Tottenham Hotspur,Newcastle United,1.0,4.5,0.0,0
Toby Collyer,613,MID,Manchester United,Liverpool,1.0,4.5,0.0,1
Rodrigo Bentancur,480,MID,Tottenham Hotspur,Newcastle United,1.0,5.0,0.44,0
Martin Ødegaard,13,MID,Arsenal,Brighton & Hove Albion,1.0,8.4,4.8,2
Cesare Casadei,158,MID,Chelsea,Crystal Palace,1.0,4.5,0.0,0
Jaden Philogene,569,MID,Aston Villa,Leicester City,1.0,5.4,0.0,0
Mario Lemina,557,MID,Wolverhampton Wanderers,Nottingham Forest,1.0,5.0,1.62,5
Adam Wharton,216,MID,Crystal Palace,Chelsea,1.0,5.0,2.02,2
Luis Sinisterra,80,MID,Bournemouth,Everton,1.0,5.0,1.29,11
Stephy Mavididi,298,MID,Leicester City,Aston Villa,1.0,5.4,0.96,1
Anthony Gordon,398,MID,Newcastle United,Tottenham Hotspur,1.0,7.5,5.11,2
Josh King,604,MID,Fulham,Ipswich Town,1.0,4.5,0.0,0
Wanya Marçal-Madivádua,297,MID,Leicester City,Aston Villa,1.0,4.5,0.0,0
Jack Harrison,224,MID,Everton,Bournemouth,1.0,5.5,1.06,2
Luke Cundle,540,MID,Wolverhampton Wanderers,Nottingham Forest,1.0,4.5,0.0,0
Bukayo Saka,17,MID,Arsenal,Brighton & Hove Albion,1.0,10.1,6.68,6
Hamza Choudhury,287,MID,Leicester City,Aston Villa,1.0,4.5,0.0,0
Joe Aribo,452,MID,Southampton,Brentford,1.0,5.0,1.96,2
Jack Hinshelwood,126,MID,Brighton & Hove Albion,Arsenal,1.0,5.0,1.22,2
Antoine Semenyo,78,MID,Bournemouth,Everton,1.0,5.5,2.3,6
Omari Giraud-Hutchinson,274,MID,Ipswich Town,Fulham,1.0,5.5,1.35,2
Dwight McNeil,230,MID,Everton,Bournemouth,1.0,5.4,1.8,6
Andy Irving,576,MID,West Ham United,Manchester City,1.0,4.9,0.0,0
Saša Lukić,249,MID,Fulham,Ipswich Town,1.0,5.0,2.0,1
Kevin De Bruyne,345,MID,Manchester City,West Ham United,1.0,9.6,3.64,1
Lucas Tolentino Coelho de Lima,527,MID,West Ham United,Manchester City,1.0,6.0,1.68,2
Antony Matheus dos Santos,365,MID,Manchester United,Liverpool,1.0,5.9,1.05,0
Kalvin Phillips,359,MID,Ipswich Town,Fulham,1.0,5.0,0.0,2
Jorge Luiz Frello Filho,7,MID,Arsenal,Brighton & Hove Albion,1.0,4.9,0.27,0
Idrissa Gueye,222,MID,Everton,Bournemouth,1.0,5.0,1.7,2
Christian Nørgaard,101,MID,Brentford,Southampton,1.0,5.0,2.49,2
Declan Rice,16,MID,Arsenal,Brighton & Hove Albion,1.0,6.4,2.21,-2
Dejan Kulusevski,492,MID,Tottenham Hotspur,Newcastle United,1.0,6.4,1.89,2
Mohammed Kudus,525,MID,West Ham United,Manchester City,1.0,6.4,4.01,2
Vitaly Janelt,94,MID,Brentford,Southampton,1.0,5.0,2.29,3
Adama Traoré,239,MID,Fulham,Ipswich Town,1.0,5.0,2.19,9
Jens Cajuste,619,MID,Ipswich Town,Fulham,1.0,4.5,0.0,1
Alexis Mac Allister,329,MID,Liverpool,Manchester United,1.0,6.4,2.26,3
Endo Wataru,320,MID,Liverpool,Manchester United,1.0,4.9,0.28,0
João Pedro Ferreira Silva,596,MID,Nottingham Forest,Wolverhampton Wanderers,1.0,6.0,0.31,1
Keane Lewis-Potter,98,MID,Brentford,Southampton,1.0,5.0,0.81,1
Michael Golding,292,MID,Leicester City,Aston Villa,1.0,4.5,0.0,0
João Félix Sequeira,621,MID,Chelsea,Crystal Palace,1.0,6.5,5.93,1
Emile Smith Rowe,19,MID,Fulham,Ipswich Town,1.0,5.6,0.63,2
Enso González,547,MID,Wolverhampton Wanderers,Nottingham Forest,0.0,4.5,0.0,0
Archie Gray,489,MID,Tottenham Hotspur,Newcastle United,1.0,4.9,0.88,0
Christopher Nkunku,181,MID,Chelsea,Crystal Palace,1.0,6.3,0.83,1
Ryan Gravenberch,323,MID,Liverpool,Manchester United,1.0,5.0,2.64,3
Joe Willock,420,MID,Newcastle United,Tottenham Hotspur,0.25,4.9,0.23,0
Lewis Cook,64,MID,Bournemouth,Everton,1.0,5.0,0.85,7
Alex Iwobi,247,MID,Fulham,Ipswich Town,1.0,5.5,2.4,2
Ethan Nwaneri,12,MID,Arsenal,Brighton & Hove Albion,1.0,4.5,0.0,0
Ilkay Gündogan,625,MID,Manchester City,West Ham United,1.0,6.5,0.83,1
Isaac Hayden,400,MID,Newcastle United,Tottenham Hotspur,1.0,4.5,0.0,0
Wilson Odobert,612,MID,Tottenham Hotspur,Newcastle United,1.0,5.5,1.49,2
Tom Cairney,243,MID,Fulham,Ipswich Town,1.0,4.9,0.16,1
Jacob Ramsey,53,MID,Aston Villa,Leicester City,1.0,5.5,1.11,2
Emiliano Buendía Stati,31,MID,Aston Villa,Leicester City,1.0,5.4,0.0,0
James McAtee,357,MID,Manchester City,West Ham United,1.0,4.9,0.21,0
Youri Tielemans,57,MID,Aston Villa,Leicester City,1.0,5.5,2.19,1
Francisco Jorge Tomás Oliveira,537,MID,Wolverhampton Wanderers,Nottingham Forest,1.0,4.5,0.25,0
Pape Matar Sarr,499,MID,Tottenham Hotspur,Newcastle United,1.0,4.9,2.74,0
Yankuba Minteh,135,MID,Brighton & Hove Albion,Arsenal,1.0,5.5,2.33,4
Kevin Schade,106,MID,Brentford,Southampton,1.0,5.5,1.47,6
Samuel Amo-Ameyaw,451,MID,Southampton,Brentford,1.0,4.5,0.38,0
Justin Kluivert,71,MID,Bournemouth,Everton,1.0,5.4,1.74,5
Flynn Downes,518,MID,Southampton,Brentford,1.0,5.0,0.77,2
Alejandro Garnacho,372,MID,Manchester United,Liverpool,1.0,6.4,2.06,2
Edson Álvarez Velázquez,511,MID,West Ham United,Manchester City,1.0,5.0,0.48,2
Jack Grealish,349,MID,Manchester City,West Ham United,1.0,6.4,0.33,2
Marcus Myers-Harness,271,MID,Ipswich Town,Fulham,1.0,4.9,0.97,0
Jack Taylor,281,MID,Ipswich Town,Fulham,1.0,4.9,0.99,0
Simon Adingra,113,MID,Brighton & Hove Albion,Arsenal,1.0,5.5,2.33,1
Eric da Silva Moreira,428,MID,Nottingham Forest,Wolverhampton Wanderers,1.0,4.5,0.0,0
Luis Guilherme Lira dos Santos,526,MID,West Ham United,Manchester City,1.0,4.9,0.0,0
Harrison Armstrong,603,MID,Everton,Bournemouth,1.0,4.5,0.38,0
Carney Chukwuemeka,161,MID,Chelsea,Crystal Palace,1.0,4.9,0.93,0
Pedro Lomba Neto,560,MID,Chelsea,Crystal Palace,1.0,6.5,2.0,0
Harry Winks,309,MID,Leicester City,Aston Villa,1.0,4.5,0.84,1
Anthony Elanga,432,MID,Nottingham Forest,Wolverhampton Wanderers,1.0,5.4,1.29,2
Julio Enciso,121,MID,Brighton & Hove Albion,Arsenal,1.0,5.4,1.72,1
Naouirou Ahamada,190,MID,Crystal Palace,Chelsea,1.0,4.5,0.15,0
Jeremy Sarmiento Morante,141,MID,Brighton & Hove Albion,Arsenal,1.0,4.9,0.09,0
Boubacar Traoré,534,MID,Wolverhampton Wanderers,Nottingham Forest,0.0,5.0,0.15,0
Mikkel Damsgaard,89,MID,Brentford,Southampton,1.0,5.0,0.88,3
Luis Díaz,327,MID,Liverpool,Manchester United,1.0,7.5,7.23,15
Enzo Barrenechea,30,MID,Aston Villa,Leicester City,1.0,4.9,0.0,0
James Milner,134,MID,Brighton & Hove Albion,Arsenal,1.0,5.0,1.27,1
Ryan Trevitt,602,MID,Brentford,Southampton,1.0,4.5,0.0,0
Enzo Fernández,168,MID,Chelsea,Crystal Palace,1.0,5.0,1.02,2
Fábio Freitas Gouveia Carvalho,314,MID,Brentford,Southampton,1.0,4.9,0.61,1
Jérémy Doku,346,MID,Manchester City,West Ham United,1.0,6.5,3.23,2
Cheick Doucouré,193,MID,Crystal Palace,Chelsea,1.0,4.9,0.43,4
Wilfred Ndidi,300,MID,Leicester City,Aston Villa,1.0,5.0,1.6,5
Daichi Kamada,205,MID,Crystal Palace,Chelsea,1.0,5.4,0.98,2
Georginio Rutter,618,MID,Brighton & Hove Albion,Arsenal,1.0,5.5,0.96,1
Conor Chaplin,265,MID,Ipswich Town,Fulham,1.0,5.4,1.14,1
Pablo Sarabia,565,MID,Wolverhampton Wanderers,Nottingham Forest,1.0,5.4,1.87,0
Diogo Teixeira da Silva,317,MID,Liverpool,Manchester United,1.0,7.6,0.57,3
Tyler Adams,60,MID,Bournemouth,Everton,0.0,5.0,0.12,0
Danilo dos Santos de Oliveira,429,MID,Nottingham Forest,Wolverhampton Wanderers,0.0,4.9,1.23,0
Jenson Metcalfe,614,MID,Everton,Bournemouth,1.0,4.5,0.0,0
Marcus Rashford,385,MID,Manchester United,Liverpool,1.0,6.9,2.02,2
James Maddison,494,MID,Tottenham Hotspur,Newcastle United,1.0,7.5,5.1,1
Bruno Guimarães Rodriguez Moura,394,MID,Newcastle United,Tottenham Hotspur,1.0,6.4,2.83,1
Elliot Anderson,423,MID,Nottingham Forest,Wolverhampton Wanderers,1.0,5.0,1.05,6
Bryan Mbeumo,99,MID,Brentford,Southampton,1.0,7.0,7.81,14
Adam Lallana,463,MID,Southampton,Brentford,1.0,5.0,0.27,4
Sandro Tonali,417,MID,Newcastle United,Tottenham Hotspur,1.0,5.5,1.05,1
Joelinton Cássio Apolinário de Lira,403,MID,Newcastle United,Tottenham Hotspur,1.0,6.0,4.21,1
John McGinn,48,MID,Aston Villa,Leicester City,1.0,5.5,2.23,1
Oscar Bobb,343,MID,Manchester City,West Ham United,0.0,4.9,0.0,0
Jesper Lindstrøm,577,MID,Everton,Bournemouth,1.0,5.4,0.21,0
Bernardo Veiga de Carvalho e Silva,342,MID,Manchester City,West Ham United,1.0,6.6,4.3,7
David Brooks,62,MID,Bournemouth,Everton,0.0,4.9,0.48,0
Son Heung-min,503,MID,Tottenham Hotspur,Newcastle United,1.0,10.0,6.39,3
Solly March,132,MID,Brighton & Hove Albion,Arsenal,0.0,6.5,1.07,0
Sam Morsy,278,MID,Ipswich Town,Fulham,1.0,5.0,1.28,1
Tyler Morton,331,MID,Liverpool,Manchester United,1.0,4.5,0.0,0
Matheus França de Oliveira,208,MID,Crystal Palace,Chelsea,0.0,4.4,0.0,0
Andreas Hoelgebaum Pereira,240,MID,Fulham,Ipswich Town,1.0,5.5,2.07,2
Amadou Onana,233,MID,Aston Villa,Leicester City,1.0,5.0,2.56,9
Morgan Rogers,54,MID,Aston Villa,Leicester City,1.0,5.1,2.0,2
Kamaldeen Sulemana,462,MID,Southampton,Brentford,0.5,5.0,1.22,0
Timo Werner,509,MID,Tottenham Hotspur,Newcastle United,1.0,6.4,0.18,1
Ryan Yates,449,MID,Nottingham Forest,Wolverhampton Wanderers,0.75,5.0,2.2,1
Amad Diallo,364,MID,Manchester United,Liverpool,1.0,5.0,1.67,1
Sam Szmodics,611,MID,Ipswich Town,Fulham,1.0,6.0,2.39,2
Mateus Gonçalo Espanha Fernandes,623,MID,Southampton,Brentford,1.0,5.0,0.95,1
Lewis Miley,411,MID,Newcastle United,Tottenham Hotspur,0.0,5.0,0.0,0
Abdul Fatawu,570,MID,Leicester City,Aston Villa,1.0,5.5,4.44,2
Dominik Szoboszlai,336,MID,Liverpool,Manchester United,1.0,6.5,3.21,6
Tim Iroegbunam,226,MID,Everton,Bournemouth,1.0,4.5,0.82,1
Roméo Lavia,174,MID,Chelsea,Crystal Palace,0.0,4.5,0.64,0
Leon Bailey,28,MID,Aston Villa,Leicester City,1.0,6.5,2.9,1
Harvey Barnes,392,MID,Newcastle United,Tottenham Hotspur,1.0,6.4,2.64,9
Brennan Johnson,491,MID,Tottenham Hotspur,Newcastle United,1.0,6.4,2.51,4
Will Smallbone,471,MID,Southampton,Brentford,1.0,5.0,1.71,1
Mykhailo Mudryk,179,MID,Chelsea,Crystal Palace,1.0,6.4,0.6,1
Renato Palma Veiga,184,MID,Chelsea,Crystal Palace,1.0,4.5,0.92,0
Eberechi Eze,199,MID,Crystal Palace,Chelsea,1.0,6.9,1.47,10
Boubacar Kamara,42,MID,Aston Villa,Leicester City,0.0,5.0,0.79,0
Ross Barkley,29,MID,Aston Villa,Leicester City,1.0,5.4,0.13,1
James McConnell,330,MID,Liverpool,Manchester United,1.0,4.5,0.0,0
Kobbie Mainoo,378,MID,Manchester United,Liverpool,1.0,5.5,3.7,1
Ramón Sosa,620,MID,Nottingham Forest,Wolverhampton Wanderers,1.0,5.5,0.0,1
Sander Berge,622,MID,Fulham,Ipswich Town,1.0,5.0,1.0,1
Will Hughes,203,MID,Crystal Palace,Chelsea,1.0,4.9,0.64,0
Jakub Moder,137,MID,Brighton & Hove Albion,Arsenal,1.0,4.5,0.18,0
Myles Lewis-Skelly,597,MID,Arsenal,Brighton & Hove Albion,1.0,4.5,0.0,0
Will Lankshear,609,FWD,Tottenham Hotspur,Newcastle United,1.0,4.5,0.0,0
Chris Wood,447,FWD,Nottingham Forest,Wolverhampton Wanderers,1.0,6.1,4.3,9
Alexander Isak,401,FWD,Newcastle United,Tottenham Hotspur,1.0,8.5,7.11,9
Rasmus Højlund,375,FWD,Manchester United,Liverpool,0.0,6.9,0.39,0
Callum Wilson,421,FWD,Newcastle United,Tottenham Hotspur,0.0,6.9,0.89,0
Richarlison de Andrade,497,FWD,Tottenham Hotspur,Newcastle United,0.0,7.0,0.94,0
Jhon Durán,38,FWD,Aston Villa,Leicester City,1.0,6.0,1.41,7
Youssef Ramalho Chermiti,237,FWD,Everton,Bournemouth,0.0,5.0,0.26,0
Evan Ferguson,123,FWD,Brighton & Hove Albion,Arsenal,1.0,5.5,0.31,0
Danny Ings,523,FWD,West Ham United,Manchester City,1.0,5.0,0.52,0
Kai Havertz,4,FWD,Arsenal,Brighton & Hove Albion,1.0,8.1,6.53,8
Yoane Wissa,110,FWD,Brentford,Southampton,1.0,6.1,8.71,8
Taiwo Awoniyi,424,FWD,Nottingham Forest,Wolverhampton Wanderers,1.0,5.9,2.57,1
Nicolas Jackson,180,FWD,Chelsea,Crystal Palace,1.0,7.6,1.91,6
Jamie Vardy,306,FWD,Leicester City,Aston Villa,1.0,5.6,3.8,1
David Datro Fofana,164,FWD,Chelsea,Crystal Palace,1.0,5.4,0.3,0
Emmanuel Dennis,430,FWD,Nottingham Forest,Wolverhampton Wanderers,1.0,5.0,0.0,0
Paul Onuachu,470,FWD,Southampton,Brentford,1.0,5.0,0.0,0
Darwin Núñez Ribeiro,316,FWD,Liverpool,Manchester United,1.0,7.3,0.63,1
Jay Stansfield,256,FWD,Fulham,Ipswich Town,1.0,5.0,0.08,0
George Hirst,272,FWD,Ipswich Town,Fulham,0.0,5.4,0.01,0
Daniel Jebbison,69,FWD,Bournemouth,Everton,1.0,4.5,0.59,0
Igor Thiago Nascimento Rodrigues,107,FWD,Brentford,Southampton,0.0,5.9,0.0,0
Cameron Archer,27,FWD,Southampton,Brentford,1.0,5.0,0.7,1
Erling Haaland,351,FWD,Manchester City,West Ham United,1.0,15.1,8.85,17
Dominic Solanke-Mitchell,82,FWD,Tottenham Hotspur,Newcastle United,0.25,7.5,0.74,0
Joshua Zirkzee,389,FWD,Manchester United,Liverpool,1.0,7.1,3.75,1
Jørgen Strand Larsen,566,FWD,Wolverhampton Wanderers,Nottingham Forest,1.0,5.5,4.05,2
Deivid Washington de Souza Eugênio,165,FWD,Chelsea,Crystal Palace,1.0,5.0,0.0,0
Freddie Ladapo,276,FWD,Ipswich Town,Fulham,1.0,4.5,0.0,0
Dominic Calvert-Lewin,220,FWD,Everton,Bournemouth,1.0,5.9,1.63,12
Cody Gakpo,321,FWD,Liverpool,Manchester United,1.0,7.3,1.22,1
Enes Ünal,65,FWD,Bournemouth,Everton,0.0,5.4,0.31,0
Francisco Evanilson de Lima Barbosa,617,FWD,Bournemouth,Everton,1.0,6.0,2.0,2
Gabriel Fernando de Jesus,2,FWD,Arsenal,Brighton & Hove Albion,0.0,6.8,0.32,0
Iliman Ndiaye,232,FWD,Everton,Bournemouth,1.0,5.4,0.18,2
Ross Stewart,473,FWD,Southampton,Brentford,0.5,4.5,0.0,0
Norberto Bercique Gomes Betuncal,218,FWD,Everton,Bournemouth,1.0,5.0,0.57,1
Danny Welbeck,148,FWD,Brighton & Hove Albion,Arsenal,1.0,5.6,4.99,2
Ivan Toney,108,FWD,Brentford,Southampton,1.0,7.3,0.86,0
Patson Daka,289,FWD,Leicester City,Aston Villa,0.0,4.9,0.13,0
João Pedro Junqueira de Jesus,129,FWD,Brighton & Hove Albion,Arsenal,1.0,5.6,3.18,8
Leon Chiwome,539,FWD,Wolverhampton Wanderers,Nottingham Forest,0.0,4.5,0.0,0
Saša Kalajdžić,555,FWD,Wolverhampton Wanderers,Nottingham Forest,0.0,4.9,0.0,0
Carlos Vinícius Alves Morais,258,FWD,Fulham,Ipswich Town,1.0,5.0,0.0,0
Liam Delap,268,FWD,Ipswich Town,Fulham,1.0,5.5,1.45,7
William Osula,590,FWD,Newcastle United,Tottenham Hotspur,1.0,5.0,0.35,0
Jean-Philippe Mateta,207,FWD,Crystal Palace,Chelsea,1.0,7.5,1.12,2
Marc Guiu Paz,178,FWD,Chelsea,Crystal Palace,1.0,5.0,0.19,0
Eddie Nketiah,11,FWD,Crystal Palace,Chelsea,1.0,5.9,1.53,0
Matheus Santos Carneiro Da Cunha,541,FWD,Wolverhampton Wanderers,Nottingham Forest,1.0,6.5,3.57,2
Ollie Watkins,58,FWD,Aston Villa,Leicester City,1.0,9.0,3.02,5
Hwang Ui-jo,446,FWD,Nottingham Forest,Wolverhampton Wanderers,1.0,4.5,0.0,0
Michail Antonio,512,FWD,West Ham United,Manchester City,1.0,5.5,2.44,2
Rodrigo Muniz Carvalho,251,FWD,Fulham,Ipswich Town,1.0,6.1,1.09,2
Niclas Füllkrug,589,FWD,West Ham United,Manchester City,1.0,6.9,0.88,1
Ali Al-Hamadi,260,FWD,Ipswich Town,Fulham,1.0,5.0,0.06,0
Adam Armstrong,453,FWD,Southampton,Brentford,1.0,5.5,1.55,1
Raúl Jiménez,252,FWD,Fulham,Ipswich Town,1.0,5.5,1.1,1
Carlos Miguel dos Santos Pereira,427,GK,Nottingham Forest,Wolverhampton Wanderers,1.0,4.4,0.0,0
Hákon Valdimarsson,109,GK,Brentford,Southampton,1.0,4.0,0.0,0
Jason Steele,142,GK,Brighton & Hove Albion,Arsenal,1.0,4.5,4.16,0
Arijanet Muric,568,GK,Ipswich Town,Fulham,1.0,4.4,-0.01,3
Carl Rushworth,615,GK,Brighton & Hove Albion,Arsenal,1.0,4.0,0.0,0
Brandon Austin,479,GK,Tottenham Hotspur,Newcastle United,1.0,4.0,0.0,0
Wes Foderingham,522,GK,West Ham United,Manchester City,1.0,4.5,1.51,0
José Malheiro de Sá,554,GK,Wolverhampton Wanderers,Nottingham Forest,1.0,4.5,1.14,0
Đorđe Petrović,183,GK,Chelsea,Crystal Palace,1.0,4.4,0.05,0
Alphonse Areola,513,GK,West Ham United,Manchester City,1.0,4.5,3.52,1
Kepa Arrizabalaga,152,GK,Bournemouth,Everton,1.0,4.5,0.0,3
Tom Heaton,374,GK,Manchester United,Liverpool,1.0,4.0,0.0,0
Caoimhin Kelleher,325,GK,Liverpool,Manchester United,1.0,4.4,0.0,0
Scott Carson,344,GK,Manchester City,West Ham United,1.0,4.0,0.0,0
Daniel Iversen,294,GK,Leicester City,Aston Villa,1.0,4.0,0.53,0
Mads Hermansen,293,GK,Leicester City,Aston Villa,1.0,4.5,2.41,2
Sam Johnstone,204,GK,Wolverhampton Wanderers,Nottingham Forest,1.0,4.4,1.29,3
Alfie Whiteman,510,GK,Tottenham Hotspur,Newcastle United,1.0,4.0,0.0,0
Robin Olsen,51,GK,Aston Villa,Leicester City,1.0,4.5,-0.0,0
Bart Verbruggen,146,GK,Brighton & Hove Albion,Arsenal,1.0,4.5,0.15,4
Robert Sánchez,185,GK,Chelsea,Crystal Palace,1.0,4.5,1.07,2
Asmir Begovic,624,GK,Everton,Bournemouth,1.0,4.0,0.0,0
Aaron Ramsdale,14,GK,Southampton,Brentford,1.0,4.4,2.02,2
Altay Bayindir,367,GK,Manchester United,Liverpool,1.0,4.5,0.0,0
André Onana,383,GK,Manchester United,Liverpool,1.0,5.0,4.09,1
Guglielmo Vicario,508,GK,Tottenham Hotspur,Newcastle United,1.0,5.0,3.25,1
Christian Walton,283,GK,Ipswich Town,Fulham,1.0,4.5,0.95,0
Will Dennis,599,GK,Bournemouth,Everton,1.0,4.0,0.0,0
Joe Lumley,466,GK,Southampton,Brentford,1.0,4.0,0.0,0
Norberto Murara Neto,73,GK,Arsenal,Brighton & Hove Albion,1.0,4.5,3.44,0
Nick Pope,413,GK,Newcastle United,Tottenham Hotspur,1.0,5.0,2.69,4
Łukasz Fabiański,521,GK,West Ham United,Manchester City,1.0,4.0,0.0,1
Emiliano Martínez Romero,47,GK,Aston Villa,Leicester City,1.0,5.0,1.48,2
Remi Matthews,209,GK,Crystal Palace,Chelsea,1.0,4.0,0.0,0
Lucas Bergström,154,GK,Chelsea,Crystal Palace,1.0,4.0,0.0,0
David Raya Martin,15,GK,Arsenal,Brighton & Hove Albion,1.0,5.5,8.76,2
Mark Flekken,91,GK,Brentford,Southampton,1.0,4.5,3.25,3
João Neves Virgínia,227,GK,Everton,Bournemouth,1.0,4.0,0.0,0
Ederson Santana de Moraes,347,GK,Manchester City,West Ham United,1.0,5.5,5.08,2
Bernd Leno,248,GK,Fulham,Ipswich Town,1.0,5.0,4.98,3
Daniel Bentley,536,GK,Wolverhampton Wanderers,Nottingham Forest,1.0,4.0,-0.0,0
Gavin Bazunu,454,GK,Southampton,Brentford,0.0,4.5,0.0,0
Danny Ward,308,GK,Leicester City,Aston Villa,1.0,4.0,0.0,0
Joe Gauci,39,GK,Aston Villa,Leicester City,1.0,4.0,0.0,0
Martin Dúbravka,396,GK,Newcastle United,Tottenham Hotspur,0.75,4.4,0.0,0
Tom King,556,GK,Wolverhampton Wanderers,Nottingham Forest,1.0,4.0,0.0,0
Jordan Pickford,235,GK,Everton,Bournemouth,1.0,4.9,1.39,2
Marcus Bettinelli,155,GK,Chelsea,Crystal Palace,1.0,4.0,0.0,0
Alisson Ramses Becker,310,GK,Liverpool,Manchester United,1.0,5.5,4.62,8
Alex McCarthy,469,GK,Southampton,Brentford,1.0,4.5,2.96,0
Steven Benda,242,GK,Fulham,Ipswich Town,1.0,4.0,0.0,0
Dean Henderson,201,GK,Crystal Palace,Chelsea,1.0,4.5,1.16,4
John Ruddy,414,GK,Newcastle United,Tottenham Hotspur,1.0,4.0,-0.0,0
Odysseas Vlachodimos,412,GK,Newcastle United,Tottenham Hotspur,1.0,4.5,0.0,0
Fraser Forster,488,GK,Tottenham Hotspur,Newcastle United,1.0,4.5,0.0,0
Filip Jørgensen,581,GK,Chelsea,Crystal Palace,1.0,4.4,0.0,0
Matz Sels,443,GK,Nottingham Forest,Wolverhampton Wanderers,1.0,4.5,3.34,2
Jakub Stolarczyk,304,GK,Leicester City,Aston Villa,0.0,4.0,0.0,0
Mark Travers,84,GK,Bournemouth,Everton,1.0,4.5,0.22,0
Stefan Ortega Moreno,358,GK,Manchester City,West Ham United,1.0,5.4,0.24,0
Cieran Slicker,280,GK,Ipswich Town,Fulham,1.0,4.0,0.0,0
